category,price_range,name,brand,cpu,gpu,ram,storage,price_idr,marketplace,product_url,image_url,image_file,last_checked,notes
Daily Use,Low Range,Lenovo IdeaPad 1 14AMN7 82VF00A6ID,Lenovo,AMD Athlon Silver 7120U,AMD Radeon Graphics,8GB,256GB SSD,5999000,Blibli,https://www.blibli.com/p/lenovo-ideapad-1-14amn7-82vf00a6id-as-7120u-8gb-256gb-amd-radeon-windows-11-ohs-2021-grey-2-years/ps--YOI-16136-03215,,lenovo-ideapad-1-14amn7.png,2026-06-21,Cocok untuk Office browsing kuliah dan meeting online ringan
Daily Use,Low Range,ASUS Vivobook Go 14 E1404GA-FHD353,ASUS,Intel Core i3-N305,Intel UHD Graphics,8GB,512GB SSD,5999000,Blibli,https://www.blibli.com/p/asus-vivobook-go-14-e1404ga-fhd353/ps--ITS-60036-00609,,asus-vivobook-go-14-e1404ga.png,2026-06-21,SSD 512GB dan i3-N305 cukup untuk kerja ringan dan Canva ringan
Daily Use,Mid Range,Lenovo IdeaPad Slim 3 14ABR8,Lenovo,AMD Ryzen 5 7530U,AMD Radeon Graphics,8GB,512GB SSD,7970000,Blibli,https://www.blibli.com/p/lenovo-ideapad-slim-3-14abr8-amd-ryzen-5-7530u-8gb-ddr4-512gb-ssd-m-2-windows-11-office/ps--SEL-70089-00470,,lenovo-ideapad-slim-3-14abr8.png,2026-06-21,Ryzen 5 dan SSD 512GB nyaman untuk kuliah kerja dan multitasking harian
Daily Use,Mid Range,Acer Aspire Lite 15 AL15-42P-R50P,Acer,AMD Ryzen 5 7430U,AMD Radeon Graphics,8GB,512GB SSD,8819000,Blibli,https://www.blibli.com/p/acer-aspire-lite-15-al15-42p-r50p-amd-ryzen-5-7430u-8-512gb-ssd-windows-11-ohs-m365b-15-6-inch-fhd-ips-light-silver/ps--ACI-27019-05715,,acer-aspire-lite-15-al15-42p.png,2026-06-21,Layar 15 inci dan Ryzen 5 cocok untuk produktivitas harian lebih lega
Daily Use,High Range,HP 14-ep1155TU,HP,Intel Core 5 120U,Intel Graphics,16GB,512GB SSD,10549000,Blibli,https://www.blibli.com/p/hp-14-ep1155tu-laptop-silver-core-5-120u-16gb-512gb-win11-ohs24-m365-copilot-backlit-kb-14-fhd-250nits-free-bag/ps--BLG-60035-03508,,hp-14-ep1155tu.png,2026-06-21,RAM 16GB membuat multitasking Office meeting dan browsing lebih stabil
Daily Use,High Range,Lenovo IdeaPad Slim 3 14IRH8,Lenovo,Intel Core i7-13620H,Intel UHD Graphics,16GB,512GB SSD,11260000,Blibli,https://www.blibli.com/p/lenovo-ideapad-slim-3-14irh8-core-i7-13620h-16gb-512gb-w11-ohs/ps--SEL-70089-00463,,lenovo-ideapad-slim-3-14irh8.png,2026-06-21,Core i7 H-series memberi performa tinggi untuk kerja harian berat tanpa GPU dedicated
Gaming,Low Range,Acer Aspire 7 A715-42G-R75V,Acer,AMD Ryzen 5 5500U,NVIDIA GeForce RTX 3050 4GB,16GB,512GB SSD,9999999,Blibli,https://www.blibli.com/p/acer-aspire-7-a715-42g-r75v-nh-qe3sn-003-geforce-rtx-3050-r5-5500u-2x8gb-512gb-rtx30504gb-15-6-win11-ohs2021/ps--ITG-17865-06172,,acer-aspire-7-a715-42g-r75v.png,2026-06-21,RTX 3050 masih realistis untuk game populer di setting menengah
Gaming,Low Range,Acer Nitro V15 i5 RTX4050,Acer,Intel Core i5-13420H,NVIDIA GeForce RTX 4050 6GB,16GB,512GB SSD,12150000,Shopee,https://shopee.co.id/-PROMO-RAMADHAN-ACER-NITRO-V15-INTEL-CORE-i5-13420H-RTX-4050-6GB-RAM-16GB-SSD-512GB-i.310338638.43578916198,,acer-nitro-v15-i5-rtx4050.png,2026-06-21,RTX 4050 membuat performa gaming jauh lebih kuat di low range
Gaming,Mid Range,Acer Nitro V15 ANV15-51-517H,Acer,Intel Core i5-13420H,NVIDIA GeForce RTX 4050 6GB,16GB,512GB SSD,15394430,Shopee,https://shopee.co.id/Acer-Nitro-V15-ANV15-51-517H-Intel-Core-i5-13420H-Ram-16GB-SSD-512GB-15.6-FHD-IPS-Free-Install-Win-11-Garansi-1-Tahun-Backlit-Keyboard-NVIDIA-GeForce-RTX-4050-i.140312268.42250306683,,acer-nitro-v15-anv15-51-517h.png,2026-06-21,Kombinasi i5 H-series dan RTX 4050 cocok untuk gaming 1080p
Gaming,Mid Range,ASUS TUF Gaming A16 FA607NUG,ASUS,AMD Ryzen 7 7445HS,NVIDIA GeForce RTX 4050 6GB,32GB,1TB SSD,16199000,Shopee,https://shopee.co.id/Asus-TUF-Gaming-A16-RTX4050-Ryzen-7-16GB-1TB-i.1667818525.54202578350,,asus-tuf-gaming-a16-fa607nug.png,2026-06-21,Ryzen 7 RTX 4050 RAM besar dan SSD 1TB kuat untuk game modern
Gaming,High Range,ASUS TUF Gaming A15 FA507NV-R746K6M-O,ASUS,AMD Ryzen 7 7735HS,NVIDIA GeForce RTX 4060 8GB,16GB,512GB SSD,21999000,Shopee,https://shopee.co.id/ASUS-TUF-Gaming-A15-FA507NV-R746K6M-O-Mecha-Gray-AMD-Ryzen%E2%84%A2-7-7735HS-NVIDIA%C2%AE-GeForce-RTX%E2%84%A2-4060-16GB-512GB-15.6inch-WIN11-OHS--i.698077090.24619272085,,asus-tuf-gaming-a15-fa507nv.png,2026-06-21,RTX 4060 cocok untuk gaming 1080p tinggi dan game kompetitif
Gaming,High Range,ASUS ROG Strix G16 G614PM,ASUS,AMD Ryzen 9 8940HX,NVIDIA GeForce RTX 5060 8GB,16GB,1TB SSD,28699000,Blibli,https://www.blibli.com/p/asus-rog-strix-g16-g614pm-r9n56c6g-hm-amd-r9-8940hx-rtx-5060-ram-16gb-ssd-1tb-win11-ohs24-365/ps--MEN-60027-00758,,asus-rog-strix-g16-g614pm.png,2026-06-21,Ryzen 9 dan RTX 5060 cocok untuk gaming kelas atas
Editing,Low Range,ASUS ExpertBook P1 PM1403CDA-S65150W,ASUS,AMD Ryzen 5 7535HS,AMD Radeon Graphics,16GB,512GB SSD,11499000,Blibli,https://www.blibli.com/p/asus-expertbook-p1-pm1403cda-s65150w-ryzen-5-7535hs-16gb-ddr5-512gb-win-11-ohs-14-fhd/ps--AND-60031-05311,,asus-expertbook-p1-pm1403cda.png,2026-06-21,Ryzen 5 HS dan RAM 16GB cukup untuk editing ringan dan desain
Editing,Low Range,Acer Aspire Lite 15 AI AL15-61P-R572,Acer,AMD Ryzen 7 8840HS,AMD Radeon 780M,16GB,512GB SSD,11549000,Blibli,https://www.blibli.com/p/acer-laptop-aspire-lite-15-with-ai-al15-61p-r572-15-6-fhd-amd-ryzen-7-8840hs-ram-16gb-storage-512gb-ssd-amd-radeon-780m-graphics-windows-11/ps--ACS-60059-00874,,acer-aspire-lite-15-ai-al15-61p.png,2026-06-21,Ryzen 7 8840HS dan Radeon 780M cocok untuk editing ringan sampai menengah
Editing,Mid Range,Acer Swift Go 14 SFG14-73T-5184,Acer,Intel Core Ultra 5 125H,Intel Arc Graphics,32GB,512GB SSD,13091250,Blibli,https://www.blibli.com/p/acer-swift-go-sfg14-73t-5184-core-ultra-5-125h-32-gb-lpddr5x-ssd-512gb-win-ohs/ps--PTS-19405-03576,,acer-swift-go-14-sfg14-73t.png,2026-06-21,RAM 32GB membantu timeline editing dan multitasking aplikasi kreatif
Editing,Mid Range,MSI Prestige 14 AI Studio C1UDXG-084ID,MSI,Intel Core Ultra 5 125H,NVIDIA GeForce RTX 3050 6GB,16GB,1TB SSD,18199000,Blibli,https://www.blibli.com/p/msi-prestige-14-ai-studio-c1udxg-084id-ultra-5-125h-16g-1tb-rtx3050-6gb/ps--ITG-70002-01087,,msi-prestige-14-ai-studio-c1udxg.png,2026-06-21,RTX 3050 dan SSD 1TB mendukung editing video desain dan render menengah
Editing,High Range,ASUS ProArt P16 H7606WM-OLEDS9311TM,ASUS,AMD Ryzen AI 9 HX 370,NVIDIA GeForce RTX 5060 8GB,32GB,1TB SSD,45998000,Blibli,https://www.blibli.com/p/asus-pro-art-p16-h7606wm-oleds9311tm-amd-ryzen-ai-9-hx370-32gb-1tb-rtx5060-8gb-16-3k-oled-touch-win11home-oh-m365/ps--VII-60033-04154,,asus-proart-p16-h7606wm.png,2026-06-21,Seri ProArt dengan RTX 5060 RAM 32GB dan layar OLED kuat untuk creator
Editing,High Range,ASUS ProArt P16 OLED H7606,ASUS,AMD Ryzen AI 9 HX 370,NVIDIA GeForce RTX 4060 8GB,32GB,1TB SSD,54500000,Blibli,https://www.blibli.com/p/asus-proart-p16-oled-h7606-amd-ryzen-ai-9-hx-370-32gb-ram-1tb-ssd-rtx-4060-8gb-16-oled-4k-uhd-touch-screen/ps--MYP-70022-03402,,asus-proart-p16-oled-h7606.png,2026-06-21,Layar OLED 4K dan RTX 4060 cocok untuk editing visual serius
All-Rounder,Low Range,Acer Aspire 7 Pro A715-59G-516G,Acer,Intel Core i5-13420H,NVIDIA GeForce RTX 3050 6GB,16GB,512GB SSD,13899000,Blibli,https://www.blibli.com/p/acer-aspire-7-pro-a715-59g-516g-gaming-laptop-15-6-fhd-ips-144hz-i5-13420h-rtx-3050-6g-16g-512g-w11-ohs24-un-qx0sd-001-free-bag/ps--BLG-60035-03706,,acer-aspire-7-pro-a715-59g-516g.png,2026-06-21,Seimbang untuk gaming ringan editing ringan dan produktivitas
All-Rounder,Low Range,MSI Venture Pro 15 AI A1UDXG-023ID,MSI,Intel Core Ultra 5 125H,NVIDIA GeForce RTX 3050 6GB,16GB,512GB SSD,13999000,Blibli,https://www.blibli.com/p/msi-venturepro-15-ai-a1udxg-023id-core-5-125h-16gb-512gb-rtx3050/ps--ITG-70002-01085,,msi-venture-pro-15-ai-a1udxg.png,2026-06-21,Core Ultra dan RTX 3050 cukup seimbang untuk kerja gaming dan editing
All-Rounder,Mid Range,HP Victus 15 FA2716TX,HP,Intel Core i5-13420H,NVIDIA GeForce RTX 3050 6GB,16GB,512GB SSD,17043250,Blibli,https://www.blibli.com/p/laptop-hp-victus-15-fa2716tx-core-i5-13420h-rtx-3050-ram-16gb-ddr4-3200-ssd-512gb-windows-office/ps--PTS-19405-03884,,hp-victus-15-fa2716tx.png,2026-06-21,Laptop gaming mainstream yang masih enak untuk editing dan kerja harian
All-Rounder,Mid Range,Acer Nitro V15 Ryzen 7 RTX4050,Acer,AMD Ryzen 7 7445HS,NVIDIA GeForce RTX 4050 6GB,16GB,512GB SSD,17149000,Shopee,https://shopee.co.id/ACER-NITRO-V-15-RYZEN-7-7445HS-RTX4050-6GB-16GB-512GB-W11-OHS-M365B-15.6FHD-180HZ-100SRGB-BLIT-2Y-ADP-BLK-42.R60U-i.1273099956.42627086337,,acer-nitro-v15-ryzen7-rtx4050.png,2026-06-21,Ryzen 7 dan RTX 4050 cocok untuk gaming editing dan multitasking berat
All-Rounder,High Range,Lenovo Legion Pro 5i 16IAX10,Lenovo,Intel Core Ultra 7 255HX,NVIDIA GeForce RTX 5060 8GB,16GB,1TB SSD,33493985,Blibli,https://www.blibli.com/p/lenovo-legion-pro-5i-16iax10-core-ultra-7-255hx-16gb-1tb-rtx-5060-8gb-w11-oh24/ps--LEY-70016-00912,,lenovo-legion-pro-5i-16iax10.png,2026-06-21,CPU HX RTX 5060 dan SSD 1TB kuat untuk gaming editing dan rendering
All-Rounder,High Range,ASUS ROG Zephyrus G14 GA403GM,ASUS,AMD Ryzen AI 9 465,NVIDIA GeForce RTX 5060 8GB,32GB,1TB SSD,38299000,Blibli,https://www.blibli.com/p/asus-rog-zephyrus-g14-ga403gm-r9n56ol6g-hm-amd-ryzen-ai-9-465-32gb-1tb-rtx5060-8gb-14-3k-oled-win11home-oh-m365-eclipse-gray/ps--VII-60033-04411,,asus-rog-zephyrus-g14-ga403gm.png,2026-06-21,RAM 32GB RTX 5060 dan layar OLED cocok untuk gaming editing dan mobilitas premium
